"filename", "language", "XML", "Java", "YAML", "Properties", "Batch", "Markdown", "comment", "blank", "total"
"d:\AppData\VSCode\Projects\hizone\README.md", "Markdown", 0, 0, 0, 0, 0, 121, 0, 1, 122
"d:\AppData\VSCode\Projects\hizone\model\pom.xml", "XML", 42, 0, 0, 0, 0, 0, 0, 1, 43
"d:\AppData\VSCode\Projects\hizone\model\src\main\java\com\example\fenta\dao\Follow.java", "Java", 0, 7, 0, 0, 0, 0, 0, 5, 12
"d:\AppData\VSCode\Projects\hizone\model\src\main\java\com\example\fenta\dao\Interaction.java", "Java", 0, 9, 0, 0, 0, 0, 0, 7, 16
"d:\AppData\VSCode\Projects\hizone\model\src\main\java\com\example\fenta\dao\Post.java", "Java", 0, 12, 0, 0, 0, 0, 0, 10, 22
"d:\AppData\VSCode\Projects\hizone\model\src\main\java\com\example\fenta\dao\PostCollect.java", "Java", 0, 3, 0, 0, 0, 0, 0, 3, 6
"d:\AppData\VSCode\Projects\hizone\model\src\main\java\com\example\fenta\dao\PostComment.java", "Java", 0, 13, 0, 0, 0, 0, 0, 11, 24
"d:\AppData\VSCode\Projects\hizone\model\src\main\java\com\example\fenta\dao\PostReplyComment.java", "Java", 0, 13, 0, 0, 0, 0, 0, 11, 24
"d:\AppData\VSCode\Projects\hizone\model\src\main\java\com\example\fenta\dao\user\User.java", "Java", 0, 11, 0, 0, 0, 0, 0, 7, 18
"d:\AppData\VSCode\Projects\hizone\model\src\main\java\com\example\fenta\dao\user\UserDetail.java", "Java", 0, 14, 0, 0, 0, 0, 0, 12, 26
"d:\AppData\VSCode\Projects\hizone\model\src\main\java\com\example\fenta\dao\user\UserMetadata.java", "Java", 0, 20, 0, 0, 0, 0, 0, 11, 31
"d:\AppData\VSCode\Projects\hizone\model\src\main\java\com\example\fenta\front\follow\AddFollow.java", "Java", 0, 7, 0, 0, 0, 0, 0, 5, 12
"d:\AppData\VSCode\Projects\hizone\model\src\main\java\com\example\fenta\front\follow\DeleteFan.java", "Java", 0, 7, 0, 0, 0, 0, 0, 5, 12
"d:\AppData\VSCode\Projects\hizone\model\src\main\java\com\example\fenta\front\follow\DeleteFollow.java", "Java", 0, 7, 0, 0, 0, 0, 0, 5, 12
"d:\AppData\VSCode\Projects\hizone\model\src\main\java\com\example\fenta\front\interaction\CollectPost.java", "Java", 0, 7, 0, 0, 0, 0, 0, 3, 10
"d:\AppData\VSCode\Projects\hizone\model\src\main\java\com\example\fenta\front\interaction\DeleteComment.java", "Java", 0, 7, 0, 0, 0, 0, 0, 5, 12
"d:\AppData\VSCode\Projects\hizone\model\src\main\java\com\example\fenta\front\interaction\ForwardPost.java", "Java", 0, 3, 0, 0, 0, 0, 0, 3, 6
"d:\AppData\VSCode\Projects\hizone\model\src\main\java\com\example\fenta\front\interaction\LikeComment.java", "Java", 0, 7, 0, 0, 0, 0, 0, 5, 12
"d:\AppData\VSCode\Projects\hizone\model\src\main\java\com\example\fenta\front\interaction\LikePost.java", "Java", 0, 7, 0, 0, 0, 0, 0, 5, 12
"d:\AppData\VSCode\Projects\hizone\model\src\main\java\com\example\fenta\front\interaction\LikeReply.java", "Java", 0, 8, 0, 0, 0, 0, 0, 6, 14
"d:\AppData\VSCode\Projects\hizone\model\src\main\java\com\example\fenta\front\interaction\ReplyComment.java", "Java", 0, 12, 0, 0, 0, 0, 0, 10, 22
"d:\AppData\VSCode\Projects\hizone\model\src\main\java\com\example\fenta\front\interaction\SendComment.java", "Java", 0, 11, 0, 0, 0, 0, 0, 9, 20
"d:\AppData\VSCode\Projects\hizone\model\src\main\java\com\example\fenta\front\login\Login.java", "Java", 0, 7, 0, 0, 0, 0, 0, 5, 12
"d:\AppData\VSCode\Projects\hizone\model\src\main\java\com\example\fenta\front\post\DeletePost.java", "Java", 0, 7, 0, 0, 0, 0, 0, 5, 12
"d:\AppData\VSCode\Projects\hizone\model\src\main\java\com\example\fenta\front\post\ModifyPost.java", "Java", 0, 9, 0, 0, 0, 0, 0, 7, 16
"d:\AppData\VSCode\Projects\hizone\model\src\main\java\com\example\fenta\front\post\UploadPost.java", "Java", 0, 8, 0, 0, 0, 0, 0, 6, 14
"d:\AppData\VSCode\Projects\hizone\model\src\main\java\com\example\fenta\front\user\Email.java", "Java", 0, 6, 0, 0, 0, 0, 0, 4, 10
"d:\AppData\VSCode\Projects\hizone\model\src\main\java\com\example\fenta\front\user\UpdateUserAvatar.java", "Java", 0, 8, 0, 0, 0, 0, 0, 6, 14
"d:\AppData\VSCode\Projects\hizone\model\src\main\java\com\example\fenta\front\user\updateUser.java", "Java", 0, 7, 0, 0, 0, 0, 0, 5, 12
"d:\AppData\VSCode\Projects\hizone\model\src\main\java\com\example\fenta\inter\CheckCode.java", "Java", 0, 8, 0, 0, 0, 0, 0, 3, 11
"d:\AppData\VSCode\Projects\hizone\model\src\main\java\com\example\fenta\inter\UpdateUserMetadata.java", "Java", 0, 11, 0, 0, 0, 0, 0, 9, 20
"d:\AppData\VSCode\Projects\hizone\model\src\main\java\com\example\fenta\utility\RedisUtility.java", "Java", 0, 52, 0, 0, 0, 0, 4, 13, 69
"d:\AppData\VSCode\Projects\hizone\model\src\main\java\com\example\fenta\utility\Utility.java", "Java", 0, 32, 0, 0, 0, 0, 1, 14, 47
"d:\AppData\VSCode\Projects\hizone\pom.xml", "XML", 54, 0, 0, 0, 0, 0, 1, 1, 56
"d:\AppData\VSCode\Projects\hizone\services\hizone-comment\pom.xml", "XML", 18, 0, 0, 0, 0, 0, 0, 3, 21
"d:\AppData\VSCode\Projects\hizone\services\hizone-comment\src\main\java\com\example\CommentApplication.java", "Java", 0, 6, 0, 0, 0, 0, 0, 1, 7
"d:\AppData\VSCode\Projects\hizone\services\hizone-comment\src\main\java\com\example\config\CaffeineConfig.java", "Java", 0, 42, 0, 0, 0, 0, 0, 8, 50
"d:\AppData\VSCode\Projects\hizone\services\hizone-comment\src\main\java\com\example\config\RedisConfig.java", "Java", 0, 31, 0, 0, 0, 0, 4, 5, 40
"d:\AppData\VSCode\Projects\hizone\services\hizone-comment\src\main\java\com\example\controller\CommentController.java", "Java", 0, 93, 0, 0, 0, 0, 39, 15, 147
"d:\AppData\VSCode\Projects\hizone\services\hizone-comment\src\main\java\com\example\feign\InteractionFeignClient.java", "Java", 0, 10, 0, 0, 0, 0, 0, 5, 15
"d:\AppData\VSCode\Projects\hizone\services\hizone-comment\src\main\java\com\example\mapper\CommentMapper.java", "Java", 0, 29, 0, 0, 0, 0, 0, 12, 41
"d:\AppData\VSCode\Projects\hizone\services\hizone-comment\src\main\java\com\example\service\CacheService.java", "Java", 0, 17, 0, 0, 0, 0, 0, 13, 30
"d:\AppData\VSCode\Projects\hizone\services\hizone-comment\src\main\java\com\example\service\CommentService.java", "Java", 0, 16, 0, 0, 0, 0, 0, 10, 26
"d:\AppData\VSCode\Projects\hizone\services\hizone-comment\src\main\java\com\example\service\impl\CacheServiceImpl.java", "Java", 0, 121, 0, 0, 0, 0, 0, 18, 139
"d:\AppData\VSCode\Projects\hizone\services\hizone-comment\src\main\java\com\example\service\impl\CommentServiceImpl.java", "Java", 0, 41, 0, 0, 0, 0, 1, 12, 54
"d:\AppData\VSCode\Projects\hizone\services\hizone-follow\pom.xml", "XML", 18, 0, 0, 0, 0, 0, 0, 3, 21
"d:\AppData\VSCode\Projects\hizone\services\hizone-follow\src\main\java\com\example\FollowApplication.java", "Java", 0, 9, 0, 0, 0, 0, 0, 3, 12
"d:\AppData\VSCode\Projects\hizone\services\hizone-follow\src\main\java\com\example\controller\FollowController.java", "Java", 0, 72, 0, 0, 0, 0, 35, 13, 120
"d:\AppData\VSCode\Projects\hizone\services\hizone-follow\src\main\java\com\example\feign\UserFeignClient.java", "Java", 0, 10, 0, 0, 0, 0, 0, 6, 16
"d:\AppData\VSCode\Projects\hizone\services\hizone-follow\src\main\java\com\example\mapper\FollowMapper.java", "Java", 0, 23, 0, 0, 0, 0, 0, 10, 33
"d:\AppData\VSCode\Projects\hizone\services\hizone-follow\src\main\java\com\example\service\FollowService.java", "Java", 0, 13, 0, 0, 0, 0, 0, 9, 22
"d:\AppData\VSCode\Projects\hizone\services\hizone-follow\src\main\java\com\example\service\impl\FollowServiceImpl.java", "Java", 0, 33, 0, 0, 0, 0, 0, 13, 46
"d:\AppData\VSCode\Projects\hizone\services\hizone-follow\src\main\resources\application.yml", "YAML", 0, 0, 8, 0, 0, 0, 0, 1, 9
"d:\AppData\VSCode\Projects\hizone\services\hizone-interaction\pom.xml", "XML", 18, 0, 0, 0, 0, 0, 0, 3, 21
"d:\AppData\VSCode\Projects\hizone\services\hizone-interaction\src\main\java\com\example\InteractionApplication.java", "Java", 0, 9, 0, 0, 0, 0, 0, 3, 12
"d:\AppData\VSCode\Projects\hizone\services\hizone-interaction\src\main\java\com\example\component\TokenInterceptor.java", "Java", 0, 17, 0, 0, 0, 0, 0, 5, 22
"d:\AppData\VSCode\Projects\hizone\services\hizone-interaction\src\main\java\com\example\config\CaffeineConfig.java", "Java", 0, 42, 0, 0, 0, 0, 0, 8, 50
"d:\AppData\VSCode\Projects\hizone\services\hizone-interaction\src\main\java\com\example\config\RedisConfig.java", "Java", 0, 31, 0, 0, 0, 0, 4, 4, 39
"d:\AppData\VSCode\Projects\hizone\services\hizone-interaction\src\main\java\com\example\config\WebConfig.java", "Java", 0, 14, 0, 0, 0, 0, 0, 5, 19
"d:\AppData\VSCode\Projects\hizone\services\hizone-interaction\src\main\java\com\example\controller\InteractionController.java", "Java", 0, 70, 0, 0, 0, 0, 21, 12, 103
"d:\AppData\VSCode\Projects\hizone\services\hizone-interaction\src\main\java\com\example\feign\UserFeignClient.java", "Java", 0, 10, 0, 0, 0, 0, 0, 6, 16
"d:\AppData\VSCode\Projects\hizone\services\hizone-interaction\src\main\java\com\example\mapper\InteractionMapper.java", "Java", 0, 16, 0, 0, 0, 0, 0, 6, 22
"d:\AppData\VSCode\Projects\hizone\services\hizone-interaction\src\main\java\com\example\service\CacheService.java", "Java", 0, 5, 0, 0, 0, 0, 0, 4, 9
"d:\AppData\VSCode\Projects\hizone\services\hizone-interaction\src\main\java\com\example\service\InteractionService.java", "Java", 0, 11, 0, 0, 0, 0, 0, 7, 18
"d:\AppData\VSCode\Projects\hizone\services\hizone-interaction\src\main\java\com\example\service\impl\CacheServiceImpl.java", "Java", 0, 30, 0, 0, 0, 0, 0, 8, 38
"d:\AppData\VSCode\Projects\hizone\services\hizone-interaction\src\main\java\com\example\service\impl\InteractionServiceImpl.java", "Java", 0, 30, 0, 0, 0, 0, 1, 9, 40
"d:\AppData\VSCode\Projects\hizone\services\hizone-interaction\src\main\resources\application.yml", "YAML", 0, 0, 43, 0, 0, 0, 0, 3, 46
"d:\AppData\VSCode\Projects\hizone\services\hizone-interaction\src\main\resources\redis\7000\nodes-7000.conf", "Properties", 0, 0, 0, 7, 0, 0, 0, 1, 8
"d:\AppData\VSCode\Projects\hizone\services\hizone-interaction\src\main\resources\redis\7000\redis.conf", "Properties", 0, 0, 0, 6, 0, 0, 1, 0, 7
"d:\AppData\VSCode\Projects\hizone\services\hizone-interaction\src\main\resources\redis\7001\nodes-7001.conf", "Properties", 0, 0, 0, 7, 0, 0, 0, 1, 8
"d:\AppData\VSCode\Projects\hizone\services\hizone-interaction\src\main\resources\redis\7001\redis.conf", "Properties", 0, 0, 0, 7, 0, 0, 1, 1, 9
"d:\AppData\VSCode\Projects\hizone\services\hizone-interaction\src\main\resources\redis\7002\nodes-7002.conf", "Properties", 0, 0, 0, 7, 0, 0, 0, 1, 8
"d:\AppData\VSCode\Projects\hizone\services\hizone-interaction\src\main\resources\redis\7002\redis.conf", "Properties", 0, 0, 0, 7, 0, 0, 1, 1, 9
"d:\AppData\VSCode\Projects\hizone\services\hizone-interaction\src\main\resources\redis\7003\nodes-7003.conf", "Properties", 0, 0, 0, 7, 0, 0, 0, 1, 8
"d:\AppData\VSCode\Projects\hizone\services\hizone-interaction\src\main\resources\redis\7003\redis.conf", "Properties", 0, 0, 0, 7, 0, 0, 1, 1, 9
"d:\AppData\VSCode\Projects\hizone\services\hizone-interaction\src\main\resources\redis\7004\nodes-7004.conf", "Properties", 0, 0, 0, 7, 0, 0, 0, 1, 8
"d:\AppData\VSCode\Projects\hizone\services\hizone-interaction\src\main\resources\redis\7004\redis.conf", "Properties", 0, 0, 0, 7, 0, 0, 1, 1, 9
"d:\AppData\VSCode\Projects\hizone\services\hizone-interaction\src\main\resources\redis\7005\nodes-7005.conf", "Properties", 0, 0, 0, 7, 0, 0, 0, 1, 8
"d:\AppData\VSCode\Projects\hizone\services\hizone-interaction\src\main\resources\redis\7005\redis.conf", "Properties", 0, 0, 0, 7, 0, 0, 1, 1, 9
"d:\AppData\VSCode\Projects\hizone\services\hizone-interaction\src\main\resources\redis\start-redis-cluster.bat", "Batch", 0, 0, 0, 0, 0, 0, 0, 1, 1
"d:\AppData\VSCode\Projects\hizone\services\hizone-login\pom.xml", "XML", 23, 0, 0, 0, 0, 0, 0, 2, 25
"d:\AppData\VSCode\Projects\hizone\services\hizone-login\src\main\java\com\example\LoginApplication.java", "Java", 0, 9, 0, 0, 0, 0, 0, 2, 11
"d:\AppData\VSCode\Projects\hizone\services\hizone-login\src\main\java\com\example\component\CheckCodeManager.java", "Java", 0, 39, 0, 0, 0, 0, 0, 9, 48
"d:\AppData\VSCode\Projects\hizone\services\hizone-login\src\main\java\com\example\config\CaffeineConfig.java", "Java", 0, 17, 0, 0, 0, 0, 0, 6, 23
"d:\AppData\VSCode\Projects\hizone\services\hizone-login\src\main\java\com\example\controller\LoginController.java", "Java", 0, 33, 0, 0, 0, 0, 11, 8, 52
"d:\AppData\VSCode\Projects\hizone\services\hizone-login\src\main\java\com\example\mapper\LoginMapper.java", "Java", 0, 12, 0, 0, 0, 0, 0, 6, 18
"d:\AppData\VSCode\Projects\hizone\services\hizone-login\src\main\java\com\example\service\LoginService.java", "Java", 0, 7, 0, 0, 0, 0, 0, 5, 12
"d:\AppData\VSCode\Projects\hizone\services\hizone-login\src\main\java\com\example\service\impl\LoginServiceImpl.java", "Java", 0, 46, 0, 0, 0, 0, 11, 10, 67
"d:\AppData\VSCode\Projects\hizone\services\hizone-post\pom.xml", "XML", 18, 0, 0, 0, 0, 0, 0, 3, 21
"d:\AppData\VSCode\Projects\hizone\services\hizone-post\src\main\java\com\example\PostApplication.java", "Java", 0, 9, 0, 0, 0, 0, 0, 3, 12
"d:\AppData\VSCode\Projects\hizone\services\hizone-post\src\main\java\com\example\component\TokenInterceptor.java", "Java", 0, 17, 0, 0, 0, 0, 0, 5, 22
"d:\AppData\VSCode\Projects\hizone\services\hizone-post\src\main\java\com\example\config\CaffeineConfig.java", "Java", 0, 16, 0, 0, 0, 0, 0, 5, 21
"d:\AppData\VSCode\Projects\hizone\services\hizone-post\src\main\java\com\example\config\RedisConfig.java", "Java", 0, 31, 0, 0, 0, 0, 4, 4, 39
"d:\AppData\VSCode\Projects\hizone\services\hizone-post\src\main\java\com\example\config\WebConfig.java", "Java", 0, 14, 0, 0, 0, 0, 0, 5, 19
"d:\AppData\VSCode\Projects\hizone\services\hizone-post\src\main\java\com\example\controller\PostController.java", "Java", 0, 70, 0, 0, 0, 0, 42, 14, 126
"d:\AppData\VSCode\Projects\hizone\services\hizone-post\src\main\java\com\example\feign\UserFeignClient.java", "Java", 0, 15, 0, 0, 0, 0, 0, 7, 22
"d:\AppData\VSCode\Projects\hizone\services\hizone-post\src\main\java\com\example\mapper\PostMapper.java", "Java", 0, 25, 0, 0, 0, 0, 0, 11, 36
"d:\AppData\VSCode\Projects\hizone\services\hizone-post\src\main\java\com\example\service\CacheService.java", "Java", 0, 6, 0, 0, 0, 0, 0, 5, 11
"d:\AppData\VSCode\Projects\hizone\services\hizone-post\src\main\java\com\example\service\PostService.java", "Java", 0, 13, 0, 0, 0, 0, 0, 10, 23
"d:\AppData\VSCode\Projects\hizone\services\hizone-post\src\main\java\com\example\service\impl\CacheServiceImpl.java", "Java", 0, 35, 0, 0, 0, 0, 0, 9, 44
"d:\AppData\VSCode\Projects\hizone\services\hizone-post\src\main\java\com\example\service\impl\PostServiceImpl.java", "Java", 0, 38, 0, 0, 0, 0, 0, 12, 50
"d:\AppData\VSCode\Projects\hizone\services\hizone-post\src\main\resources\application.yml", "YAML", 0, 0, 20, 0, 0, 0, 0, 1, 21
"d:\AppData\VSCode\Projects\hizone\services\hizone-search\pom.xml", "XML", 17, 0, 0, 0, 0, 0, 0, 3, 20
"d:\AppData\VSCode\Projects\hizone\services\hizone-search\src\main\java\com\example\SearchApplication.java", "Java", 0, 9, 0, 0, 0, 0, 0, 3, 12
"d:\AppData\VSCode\Projects\hizone\services\hizone-search\src\main\java\com\example\config\ElasticSearchClientConfig.java", "Java", 0, 18, 0, 0, 0, 0, 0, 6, 24
"d:\AppData\VSCode\Projects\hizone\services\hizone-search\src\main\java\com\example\controller\SearchController.java", "Java", 0, 30, 0, 0, 0, 0, 0, 10, 40
"d:\AppData\VSCode\Projects\hizone\services\hizone-search\src\main\java\com\example\feign\PostFeignClient.java", "Java", 0, 10, 0, 0, 0, 0, 0, 5, 15
"d:\AppData\VSCode\Projects\hizone\services\hizone-search\src\main\java\com\example\feign\UserFeignClient.java", "Java", 0, 10, 0, 0, 0, 0, 0, 6, 16
"d:\AppData\VSCode\Projects\hizone\services\hizone-search\src\main\java\com\example\service\PostSearchService.java", "Java", 0, 8, 0, 0, 0, 0, 0, 6, 14
"d:\AppData\VSCode\Projects\hizone\services\hizone-search\src\main\java\com\example\service\UserSearchService.java", "Java", 0, 8, 0, 0, 0, 0, 0, 6, 14
"d:\AppData\VSCode\Projects\hizone\services\hizone-search\src\main\java\com\example\service\impl\PostSearchServiceImpl.java", "Java", 0, 42, 0, 0, 0, 0, 0, 10, 52
"d:\AppData\VSCode\Projects\hizone\services\hizone-search\src\main\java\com\example\service\impl\UserSearchServiceImpl.java", "Java", 0, 41, 0, 0, 0, 0, 0, 10, 51
"d:\AppData\VSCode\Projects\hizone\services\hizone-search\src\main\resources\application.yml", "YAML", 0, 0, 5, 0, 0, 0, 2, 0, 7
"d:\AppData\VSCode\Projects\hizone\services\hizone-user\pom.xml", "XML", 17, 0, 0, 0, 0, 0, 0, 2, 19
"d:\AppData\VSCode\Projects\hizone\services\hizone-user\src\main\java\com\example\UserApplication.java", "Java", 0, 9, 0, 0, 0, 0, 0, 3, 12
"d:\AppData\VSCode\Projects\hizone\services\hizone-user\src\main\java\com\example\config\CaffeineConfig.java", "Java", 0, 16, 0, 0, 0, 0, 0, 6, 22
"d:\AppData\VSCode\Projects\hizone\services\hizone-user\src\main\java\com\example\config\RabbitMQConfig.java", "Java", 0, 3, 0, 0, 0, 0, 0, 3, 6
"d:\AppData\VSCode\Projects\hizone\services\hizone-user\src\main\java\com\example\config\RedisConfig.java", "Java", 0, 31, 0, 0, 0, 0, 4, 4, 39
"d:\AppData\VSCode\Projects\hizone\services\hizone-user\src\main\java\com\example\config\WebConfig.java", "Java", 0, 14, 0, 0, 0, 0, 0, 5, 19
"d:\AppData\VSCode\Projects\hizone\services\hizone-user\src\main\java\com\example\controller\UserController.java", "Java", 0, 86, 0, 0, 0, 0, 34, 16, 136
"d:\AppData\VSCode\Projects\hizone\services\hizone-user\src\main\java\com\example\interceptor\TokenInterceptor.java", "Java", 0, 17, 0, 0, 0, 0, 0, 5, 22
"d:\AppData\VSCode\Projects\hizone\services\hizone-user\src\main\java\com\example\mapper\UserMapper.java", "Java", 0, 25, 0, 0, 0, 0, 0, 11, 36
"d:\AppData\VSCode\Projects\hizone\services\hizone-user\src\main\java\com\example\service\CacheService.java", "Java", 0, 6, 0, 0, 0, 0, 0, 5, 11
"d:\AppData\VSCode\Projects\hizone\services\hizone-user\src\main\java\com\example\service\UserService.java", "Java", 0, 15, 0, 0, 0, 0, 0, 10, 25
"d:\AppData\VSCode\Projects\hizone\services\hizone-user\src\main\java\com\example\service\impl\CacheServiceImpl.java", "Java", 0, 35, 0, 0, 0, 0, 0, 9, 44
"d:\AppData\VSCode\Projects\hizone\services\hizone-user\src\main\java\com\example\service\impl\UserServiceImpl.java", "Java", 0, 40, 0, 0, 0, 0, 0, 12, 52
"d:\AppData\VSCode\Projects\hizone\services\hizone-user\src\main\resources\application.yml", "YAML", 0, 0, 30, 0, 0, 0, 6, 1, 37
"d:\AppData\VSCode\Projects\hizone\services\pom.xml", "XML", 101, 0, 0, 0, 0, 0, 8, 1, 110
"Total", "-", 326, 2116, 106, 83, 0, 121, 239, 773, 3764